[
  {
    "nombreUsuario": "111",
    "apellidoUsuario": "111",
    "correoUsuario": "111",
    "rolUsuario": "admin",
    "contrasenausuario": "$2a$12$Nxo1k9GoM.7dK22FcYUltOa321sML3nl.ZW4uGHVjwicPclZ/uE36"
  },
  {
    "nombreUsuario": "Marco",
    "apellidoUsuario": "Perez",
    "correoUsuario": "perez12@gmail.com",
    "rolUsuario": "admin",
    "contrasenausuario": "$2a$12$/xiyimIx2M8K4iX4NLcxKeD90.0Gpvqex1X8TCn4h5TXcoyq52vtG"
  },
  {
    "nombreUsuario": "Pier",
    "apellidoUsuario": "torbay",
    "correoUsuario": "tor33@gmail.com",
    "rolUsuario": "Jugador",
    "contrasenausuario": "$2a$12$FM9jYQf17vzkeNrRF8eh4.OQPUSA5u5zI57e7Jg26hOMfbNIoTZUy"
  }
]